method,resolution,ARI,NMI,n_clusters
baseline (no integration),0.3,0.42791933987322983,0.7075244591052405,19
baseline (no integration),0.5,0.3218370521612745,0.6759420497863697,27
baseline (no integration),0.7,0.31823546557954885,0.6734852132950703,29
baseline (no integration),1.0,0.29162697422312284,0.6712427266038383,32
baseline (no integration),1.3,0.2882960705977692,0.6688770224725815,34
Harmony,0.3,0.9142665696759232,0.8880367923457376,12
Harmony,0.5,0.8853027948994142,0.8679601305372102,16
Harmony,0.7,0.7758229742736731,0.8325678606807867,17
Harmony,1.0,0.5799766209603684,0.7756735807616478,20
Harmony,1.3,0.46501752666663587,0.7385944991368047,24
scVI,0.3,0.9467099637901182,0.9144053591604592,11
scVI,0.5,0.9452171156050332,0.913309565159255,13
scVI,0.7,0.7877966340023904,0.8478059039901055,16
scVI,1.0,0.655070496349391,0.7964522902773458,21
scVI,1.3,0.4722440209307056,0.7443012987771895,25
scANVI,0.3,0.9503732150281514,0.9258119765880626,13
scANVI,0.5,0.9209265406505575,0.9125495247070369,16
scANVI,0.7,0.7582530003493935,0.8513814611281082,19
scANVI,1.0,0.5816549454649655,0.8071470333262192,23
scANVI,1.3,0.46051043955312654,0.7603479526656953,28
