method,seed,epochs,early_stopped,resolution,ARI_all,NMI_all,ARI_heldout,NMI_heldout,n_clusters,accuracy_heldout,macroF1_heldout,mean_confidence_heldout
scVI,0,200,False,0.3,0.944239305178099,0.9119233943533962,0.9446149307239291,0.9257058960469919,11,,,
scANVI,0,50,False,0.3,0.9619159368954794,0.9402450555670003,0.9622131368566322,0.9402149261015172,13,0.9766081871345029,0.9440580409000829,0.9917914271354675
scVI,1,200,False,0.3,0.9451638671807527,0.9085550724414887,0.9378843464547059,0.9172657356305488,10,,,
scANVI,1,50,False,0.3,0.9520216331291379,0.9268347288975184,0.9441018405337167,0.9288793079537442,12,0.9745196324143692,0.9175563730485946,0.9908202290534973
scVI,2,200,False,0.3,0.9449084615005859,0.9111433240053134,0.9382133729190548,0.9171973058536808,11,,,
scANVI,2,50,False,0.3,0.9529965524951405,0.9273581934671573,0.9472835140106324,0.933304180605204,12,0.9778613199665831,0.9558293145726798,0.9932157397270203
scVI,3,200,False,0.3,0.9481690303370951,0.9136226872292783,0.9495675470215253,0.9287147821776429,10,,,
scANVI,3,50,False,0.3,0.9573088569273073,0.9390789297192019,0.9524738083242472,0.9416509254824152,14,0.974937343358396,0.9402475682153022,0.9946013689041138
scVI,4,200,False,0.3,0.9464472676460955,0.9136136067988873,0.945373639587026,0.9243212876943651,12,,,
scANVI,4,50,False,0.3,0.9536004921857633,0.9339208061894773,0.9543799764903577,0.9422457720085523,14,0.9699248120300752,0.9396923012148876,0.9917261600494385
